git_commit,timestamp,gpu_model,gpu_memory,driver_version,cuda_runtime,nvcc_version,clock_state,power_mode,case,N,k,provisioned,warmup,reps,statistic,latency_us,score3
cfff554,2026-08-24T01:14:07Z,NVIDIA GeForce RTX 4090,24564,570.124.06,12080,unavailable,pstate=P8 sm=210 mem=405,limit_w=450.00,pipe-t4-copy,4194304,1,1,5,21,median,175.1,
cfff554,2026-08-24T01:14:08Z,NVIDIA GeForce RTX 4090,24564,570.124.06,12080,unavailable,pstate=P8 sm=210 mem=405,limit_w=450.00,pipe-t4-d1,4194304,15,1,5,21,median,978.0,
cfff554,2026-08-24T01:14:08Z,NVIDIA GeForce RTX 4090,24564,570.124.06,12080,unavailable,pstate=P8 sm=210 mem=405,limit_w=450.00,pipe-t4-d2,4194304,15,1,5,21,median,758.8,
cfff554,2026-08-24T01:14:08Z,NVIDIA GeForce RTX 4090,24564,570.124.06,12080,unavailable,pstate=P8 sm=210 mem=405,limit_w=450.00,pipe-t4-d3,4194304,15,1,5,21,median,757.8,
cfff554,2026-08-24T01:14:08Z,NVIDIA GeForce RTX 4090,24564,570.124.06,12080,unavailable,pstate=P8 sm=210 mem=405,limit_w=450.00,pipe-t4-d4,4194304,15,1,5,21,median,757.8,
cfff554,2026-08-24T01:14:08Z,NVIDIA GeForce RTX 4090,24564,570.124.06,12080,unavailable,pstate=P8 sm=210 mem=405,limit_w=450.00,pipe-t4-compute,4194304,15,1,5,21,median,70.7,
cfff554,2026-08-24T01:14:09Z,NVIDIA GeForce RTX 4090,24564,570.124.06,12080,unavailable,pstate=P8 sm=210 mem=405,limit_w=450.00,pipe-t8-copy,4194304,1,1,5,21,median,95.2,
cfff554,2026-08-24T01:14:10Z,NVIDIA GeForce RTX 4090,24564,570.124.06,12080,unavailable,pstate=P8 sm=210 mem=405,limit_w=450.00,pipe-t8-d1,4194304,8,1,5,21,median,971.8,
cfff554,2026-08-24T01:14:10Z,NVIDIA GeForce RTX 4090,24564,570.124.06,12080,unavailable,pstate=P8 sm=210 mem=405,limit_w=450.00,pipe-t8-d2,4194304,8,1,5,21,median,733.2,
cfff554,2026-08-24T01:14:10Z,NVIDIA GeForce RTX 4090,24564,570.124.06,12080,unavailable,pstate=P8 sm=210 mem=405,limit_w=450.00,pipe-t8-d3,4194304,8,1,5,21,median,733.2,
cfff554,2026-08-24T01:14:10Z,NVIDIA GeForce RTX 4090,24564,570.124.06,12080,unavailable,pstate=P8 sm=210 mem=405,limit_w=450.00,pipe-t8-d4,4194304,8,1,5,21,median,733.2,
cfff554,2026-08-24T01:14:10Z,NVIDIA GeForce RTX 4090,24564,570.124.06,12080,unavailable,pstate=P8 sm=210 mem=405,limit_w=450.00,pipe-t8-compute,4194304,8,1,5,21,median,31.7,
cfff554,2026-08-24T01:14:10Z,NVIDIA GeForce RTX 4090,24564,570.124.06,12080,unavailable,pstate=P8 sm=210 mem=405,limit_w=450.00,pipe-t16-copy,4194304,1,1,5,21,median,50.3,
cfff554,2026-08-24T01:14:11Z,NVIDIA GeForce RTX 4090,24564,570.124.06,12080,unavailable,pstate=P8 sm=210 mem=405,limit_w=450.00,pipe-t16-d1,4194304,5,1,5,21,median,1072.1,
cfff554,2026-08-24T01:14:11Z,NVIDIA GeForce RTX 4090,24564,570.124.06,12080,unavailable,pstate=P8 sm=210 mem=405,limit_w=450.00,pipe-t16-d2,4194304,5,1,5,21,median,750.6,
cfff554,2026-08-24T01:14:11Z,NVIDIA GeForce RTX 4090,24564,570.124.06,12080,unavailable,pstate=P8 sm=210 mem=405,limit_w=450.00,pipe-t16-d3,4194304,5,1,5,21,median,751.6,
cfff554,2026-08-24T01:14:11Z,NVIDIA GeForce RTX 4090,24564,570.124.06,12080,unavailable,pstate=P8 sm=210 mem=405,limit_w=450.00,pipe-t16-d4,4194304,5,1,5,21,median,751.6,
cfff554,2026-08-24T01:14:11Z,NVIDIA GeForce RTX 4090,24564,570.124.06,12080,unavailable,pstate=P8 sm=210 mem=405,limit_w=450.00,pipe-t16-compute,4194304,5,1,5,21,median,19.5,
cfff554,2026-08-24T01:14:11Z,NVIDIA GeForce RTX 4090,24564,570.124.06,12080,unavailable,pstate=P8 sm=210 mem=405,limit_w=450.00,pipe-t32-copy,4194304,1,1,5,21,median,30.6,
cfff554,2026-08-24T01:14:12Z,NVIDIA GeForce RTX 4090,24564,570.124.06,12080,unavailable,pstate=P8 sm=210 mem=405,limit_w=450.00,pipe-t32-d1,4194304,3,1,5,21,median,1272.8,
cfff554,2026-08-24T01:14:12Z,NVIDIA GeForce RTX 4090,24564,570.124.06,12080,unavailable,pstate=P8 sm=210 mem=405,limit_w=450.00,pipe-t32-d2,4194304,3,1,5,21,median,812.0,
cfff554,2026-08-24T01:14:12Z,NVIDIA GeForce RTX 4090,24564,570.124.06,12080,unavailable,pstate=P8 sm=210 mem=405,limit_w=450.00,pipe-t32-d3,4194304,3,1,5,21,median,811.0,
cfff554,2026-08-24T01:14:12Z,NVIDIA GeForce RTX 4090,24564,570.124.06,12080,unavailable,pstate=P8 sm=210 mem=405,limit_w=450.00,pipe-t32-d4,4194304,3,1,5,21,median,811.0,
cfff554,2026-08-24T01:14:12Z,NVIDIA GeForce RTX 4090,24564,570.124.06,12080,unavailable,pstate=P8 sm=210 mem=405,limit_w=450.00,pipe-t32-compute,4194304,3,1,5,21,median,14.3,
cfff554,2026-08-24T01:14:13Z,NVIDIA GeForce RTX 4090,24564,570.124.06,12080,unavailable,pstate=P8 sm=210 mem=405,limit_w=450.00,pipe-t4-copy,16777216,1,1,5,21,median,680.0,
cfff554,2026-08-24T01:14:16Z,NVIDIA GeForce RTX 4090,24564,570.124.06,12080,unavailable,pstate=P8 sm=210 mem=405,limit_w=450.00,pipe-t4-d1,16777216,28,1,5,21,median,3968.0,
cfff554,2026-08-24T01:14:16Z,NVIDIA GeForce RTX 4090,24564,570.124.06,12080,unavailable,pstate=P8 sm=210 mem=405,limit_w=450.00,pipe-t4-d2,16777216,28,1,5,21,median,3005.4,
cfff554,2026-08-24T01:14:16Z,NVIDIA GeForce RTX 4090,24564,570.124.06,12080,unavailable,pstate=P8 sm=210 mem=405,limit_w=450.00,pipe-t4-d3,16777216,28,1,5,21,median,3002.4,
cfff554,2026-08-24T01:14:16Z,NVIDIA GeForce RTX 4090,24564,570.124.06,12080,unavailable,pstate=P8 sm=210 mem=405,limit_w=450.00,pipe-t4-d4,16777216,28,1,5,21,median,3002.4,
cfff554,2026-08-24T01:14:16Z,NVIDIA GeForce RTX 4090,24564,570.124.06,12080,unavailable,pstate=P8 sm=210 mem=405,limit_w=450.00,pipe-t4-compute,16777216,28,1,5,21,median,325.6,
cfff554,2026-08-24T01:14:17Z,NVIDIA GeForce RTX 4090,24564,570.124.06,12080,unavailable,pstate=P8 sm=210 mem=405,limit_w=450.00,pipe-t8-copy,16777216,1,1,5,21,median,347.1,
cfff554,2026-08-24T01:14:20Z,NVIDIA GeForce RTX 4090,24564,570.124.06,12080,unavailable,pstate=P8 sm=210 mem=405,limit_w=450.00,pipe-t8-d1,16777216,16,1,5,21,median,3611.6,
cfff554,2026-08-24T01:14:20Z,NVIDIA GeForce RTX 4090,24564,570.124.06,12080,unavailable,pstate=P8 sm=210 mem=405,limit_w=450.00,pipe-t8-d2,16777216,16,1,5,21,median,2812.9,
cfff554,2026-08-24T01:14:20Z,NVIDIA GeForce RTX 4090,24564,570.124.06,12080,unavailable,pstate=P8 sm=210 mem=405,limit_w=450.00,pipe-t8-d3,16777216,16,1,5,21,median,2811.9,
cfff554,2026-08-24T01:14:20Z,NVIDIA GeForce RTX 4090,24564,570.124.06,12080,unavailable,pstate=P8 sm=210 mem=405,limit_w=450.00,pipe-t8-d4,16777216,16,1,5,21,median,2811.9,
cfff554,2026-08-24T01:14:20Z,NVIDIA GeForce RTX 4090,24564,570.124.06,12080,unavailable,pstate=P8 sm=210 mem=405,limit_w=450.00,pipe-t8-compute,16777216,16,1,5,21,median,117.8,
cfff554,2026-08-24T01:14:21Z,NVIDIA GeForce RTX 4090,24564,570.124.06,12080,unavailable,pstate=P8 sm=210 mem=405,limit_w=450.00,pipe-t16-copy,16777216,1,1,5,21,median,181.3,
cfff554,2026-08-24T01:14:24Z,NVIDIA GeForce RTX 4090,24564,570.124.06,12080,unavailable,pstate=P8 sm=210 mem=405,limit_w=450.00,pipe-t16-d1,16777216,10,1,5,21,median,3559.4,
cfff554,2026-08-24T01:14:24Z,NVIDIA GeForce RTX 4090,24564,570.124.06,12080,unavailable,pstate=P8 sm=210 mem=405,limit_w=450.00,pipe-t16-d2,16777216,10,1,5,21,median,2784.3,
cfff554,2026-08-24T01:14:24Z,NVIDIA GeForce RTX 4090,24564,570.124.06,12080,unavailable,pstate=P8 sm=210 mem=405,limit_w=450.00,pipe-t16-d3,16777216,10,1,5,21,median,2783.2,
cfff554,2026-08-24T01:14:24Z,NVIDIA GeForce RTX 4090,24564,570.124.06,12080,unavailable,pstate=P8 sm=210 mem=405,limit_w=450.00,pipe-t16-d4,16777216,10,1,5,21,median,2783.2,
cfff554,2026-08-24T01:14:24Z,NVIDIA GeForce RTX 4090,24564,570.124.06,12080,unavailable,pstate=P8 sm=210 mem=405,limit_w=450.00,pipe-t16-compute,16777216,10,1,5,21,median,55.3,
cfff554,2026-08-24T01:14:25Z,NVIDIA GeForce RTX 4090,24564,570.124.06,12080,unavailable,pstate=P8 sm=210 mem=405,limit_w=450.00,pipe-t32-copy,16777216,1,1,5,21,median,98.3,
cfff554,2026-08-24T01:14:28Z,NVIDIA GeForce RTX 4090,24564,570.124.06,12080,unavailable,pstate=P8 sm=210 mem=405,limit_w=450.00,pipe-t32-d1,16777216,6,1,5,21,median,3686.4,
cfff554,2026-08-24T01:14:28Z,NVIDIA GeForce RTX 4090,24564,570.124.06,12080,unavailable,pstate=P8 sm=210 mem=405,limit_w=450.00,pipe-t32-d2,16777216,6,1,5,21,median,2826.2,
cfff554,2026-08-24T01:14:28Z,NVIDIA GeForce RTX 4090,24564,570.124.06,12080,unavailable,pstate=P8 sm=210 mem=405,limit_w=450.00,pipe-t32-d3,16777216,6,1,5,21,median,2822.1,
cfff554,2026-08-24T01:14:28Z,NVIDIA GeForce RTX 4090,24564,570.124.06,12080,unavailable,pstate=P8 sm=210 mem=405,limit_w=450.00,pipe-t32-d4,16777216,6,1,5,21,median,2823.2,
cfff554,2026-08-24T01:14:28Z,NVIDIA GeForce RTX 4090,24564,570.124.06,12080,unavailable,pstate=P8 sm=210 mem=405,limit_w=450.00,pipe-t32-compute,16777216,6,1,5,21,median,30.8,
cfff554,2026-08-24T01:14:30Z,NVIDIA GeForce RTX 4090,24564,570.124.06,12080,unavailable,pstate=P8 sm=210 mem=405,limit_w=450.00,pipe-t4-copy,67108864,1,1,5,21,median,2669.6,
cfff554,2026-08-24T01:14:41Z,NVIDIA GeForce RTX 4090,24564,570.124.06,12080,unavailable,pstate=P8 sm=210 mem=405,limit_w=450.00,pipe-t4-d1,67108864,38,1,5,21,median,21232.6,
cfff554,2026-08-24T01:14:41Z,NVIDIA GeForce RTX 4090,24564,570.124.06,12080,unavailable,pstate=P8 sm=210 mem=405,limit_w=450.00,pipe-t4-d2,67108864,38,1,5,21,median,13830.1,
cfff554,2026-08-24T01:14:41Z,NVIDIA GeForce RTX 4090,24564,570.124.06,12080,unavailable,pstate=P8 sm=210 mem=405,limit_w=450.00,pipe-t4-d3,67108864,38,1,5,21,median,13777.9,
cfff554,2026-08-24T01:14:41Z,NVIDIA GeForce RTX 4090,24564,570.124.06,12080,unavailable,pstate=P8 sm=210 mem=405,limit_w=450.00,pipe-t4-d4,67108864,38,1,5,21,median,13829.1,
cfff554,2026-08-24T01:14:43Z,NVIDIA GeForce RTX 4090,24564,570.124.06,12080,unavailable,pstate=P8 sm=210 mem=405,limit_w=450.00,pipe-t4-compute,67108864,38,1,5,21,median,2655.2,
cfff554,2026-08-24T01:14:45Z,NVIDIA GeForce RTX 4090,24564,570.124.06,12080,unavailable,pstate=P8 sm=210 mem=405,limit_w=450.00,pipe-t8-copy,67108864,1,1,5,21,median,1340.4,
cfff554,2026-08-24T01:14:55Z,NVIDIA GeForce RTX 4090,24564,570.124.06,12080,unavailable,pstate=P8 sm=210 mem=405,limit_w=450.00,pipe-t8-d1,67108864,37,1,5,21,median,16538.6,
cfff554,2026-08-24T01:14:55Z,NVIDIA GeForce RTX 4090,24564,570.124.06,12080,unavailable,pstate=P8 sm=210 mem=405,limit_w=450.00,pipe-t8-d2,67108864,37,1,5,21,median,11430.9,
cfff554,2026-08-24T01:14:55Z,NVIDIA GeForce RTX 4090,24564,570.124.06,12080,unavailable,pstate=P8 sm=210 mem=405,limit_w=450.00,pipe-t8-d3,67108864,37,1,5,21,median,11463.7,
cfff554,2026-08-24T01:14:55Z,NVIDIA GeForce RTX 4090,24564,570.124.06,12080,unavailable,pstate=P8 sm=210 mem=405,limit_w=450.00,pipe-t8-d4,67108864,37,1,5,21,median,11462.7,
cfff554,2026-08-24T01:14:57Z,NVIDIA GeForce RTX 4090,24564,570.124.06,12080,unavailable,pstate=P8 sm=210 mem=405,limit_w=450.00,pipe-t8-compute,67108864,37,1,5,21,median,770.0,
cfff554,2026-08-24T01:14:59Z,NVIDIA GeForce RTX 4090,24564,570.124.06,12080,unavailable,pstate=P8 sm=210 mem=405,limit_w=450.00,pipe-t16-copy,67108864,1,1,5,21,median,677.9,
cfff554,2026-08-24T01:15:09Z,NVIDIA GeForce RTX 4090,24564,570.124.06,12080,unavailable,pstate=P8 sm=210 mem=405,limit_w=450.00,pipe-t16-d1,67108864,26,1,5,21,median,15478.8,
cfff554,2026-08-24T01:15:09Z,NVIDIA GeForce RTX 4090,24564,570.124.06,12080,unavailable,pstate=P8 sm=210 mem=405,limit_w=450.00,pipe-t16-d2,67108864,26,1,5,21,median,10998.8,
cfff554,2026-08-24T01:15:09Z,NVIDIA GeForce RTX 4090,24564,570.124.06,12080,unavailable,pstate=P8 sm=210 mem=405,limit_w=450.00,pipe-t16-d3,67108864,26,1,5,21,median,10996.7,
cfff554,2026-08-24T01:15:09Z,NVIDIA GeForce RTX 4090,24564,570.124.06,12080,unavailable,pstate=P8 sm=210 mem=405,limit_w=450.00,pipe-t16-d4,67108864,26,1,5,21,median,10997.8,
cfff554,2026-08-24T01:15:11Z,NVIDIA GeForce RTX 4090,24564,570.124.06,12080,unavailable,pstate=P8 sm=210 mem=405,limit_w=450.00,pipe-t16-compute,67108864,26,1,5,21,median,302.1,
cfff554,2026-08-24T01:15:13Z,NVIDIA GeForce RTX 4090,24564,570.124.06,12080,unavailable,pstate=P8 sm=210 mem=405,limit_w=450.00,pipe-t32-copy,67108864,1,1,5,21,median,348.2,
cfff554,2026-08-24T01:15:23Z,NVIDIA GeForce RTX 4090,24564,570.124.06,12080,unavailable,pstate=P8 sm=210 mem=405,limit_w=450.00,pipe-t32-d1,67108864,16,1,5,21,median,14422.0,
cfff554,2026-08-24T01:15:23Z,NVIDIA GeForce RTX 4090,24564,570.124.06,12080,unavailable,pstate=P8 sm=210 mem=405,limit_w=450.00,pipe-t32-d2,67108864,16,1,5,21,median,10879.0,
cfff554,2026-08-24T01:15:23Z,NVIDIA GeForce RTX 4090,24564,570.124.06,12080,unavailable,pstate=P8 sm=210 mem=405,limit_w=450.00,pipe-t32-d3,67108864,16,1,5,21,median,10891.3,
cfff554,2026-08-24T01:15:23Z,NVIDIA GeForce RTX 4090,24564,570.124.06,12080,unavailable,pstate=P8 sm=210 mem=405,limit_w=450.00,pipe-t32-d4,67108864,16,1,5,21,median,10889.2,
cfff554,2026-08-24T01:15:25Z,NVIDIA GeForce RTX 4090,24564,570.124.06,12080,unavailable,pstate=P8 sm=210 mem=405,limit_w=450.00,pipe-t32-compute,67108864,16,1,5,21,median,121.9,
